UserID,ScheduleID
P80QCYQ,PEQHMBP
PJB0BTH,PEQHMBP
P80QCYQ,PEQHMBP
PD3JG46,PEQHMBP
PJB0BTH,PEQHMBP
PZUYFRG,PEQHMBP
PZUYFRG,PEQHMBP
PAL30KP,PEQHMBP
PS8ME03,PEQHMBP
P80QCYQ,PEQHMBP
PD3JG46,PEQHMBP
P80QCYQ,PEQHMBP
PD3JG46,PEQHMBP
PD3JG46,PEQHMBP
PVINECT,PEQHMBP
PS8ME03,PEQHMBP
P80QCYQ,PEQHMBP
PVINECT,PEQHMBP
PZUYFRG,PEQHMBP
PJB0BTH,PEQHMBP
PG1CAEU,PEQHMBP
PG1CAEU,PEQHMBP
PS8ME03,PEQHMBP
P80QCYQ,PEQHMBP
PVINECT,PEQHMBP
POZBDND,PEQHMBP
PAL30KP,PEQHMBP
PAL30KP,PEQHMBP
PVINECT,PEQHMBP
PS8ME03,PEQHMBP
P80QCYQ,PEQHMBP
PVINECT,PEQHMBP
PD3JG46,PEQHMBP
P0EEB6A,PEQHMBP
P0EEB6A,PEQHMBP
PVINECT,PEQHMBP
PS8ME03,PEQHMBP
P80QCYQ,PEQHMBP
PVINECT,PEQHMBP
PG1CAEU,PEQHMBP
PD3JG46,PEQHMBP
PD3JG46,PEQHMBP
P80QCYQ,PEQHMBP
PS8ME03,PEQHMBP
P80QCYQ,PEQHMBP
PVINECT,PEQHMBP
P80QCYQ,PEQHMBP
PG1CAEU,PEQHMBP
P5SNGDK,PEQHMBP
P80QCYQ,PEQHMBP
PS8ME03,PEQHMBP
P80QCYQ,PEQHMBP
PD3JG46,PEQHMBP
P0EEB6A,PEQHMBP
P5SNGDK,PEQHMBP
P5SNGDK,PEQHMBP
PVINECT,PEQHMBP
PS8ME03,PEQHMBP
